jos√© mourinho	mourinho
517215248525176832	[RTP Noticias] Jos√© Mourinho acredita no Sporting http://t.co/YCGbXioYUZ	485975606
517050940575084544	RT @Pedromvfranco: Mas que grande atitude Jos√© Mourinho.	66122167
517050959919194112	RT @Pedromvfranco: Mas que grande atitude Jos√© Mourinho.	173140222
528558743252779008	Jos√© Mourinho recorda passagem por Leiria http://t.co/rvVtFFb345	73249951
544609505158635520	Desejo de Jos√© Mourinho cumpriu-se http://t.co/Bo6ks2qT7O	29690355
555832332339654657	RT @BigJohnTerry: Jose Mourinho right now... http://t.co/I6aQwtfmG0	52593709
551796173665599488	RT @AAABORODE: Jose Mourinho! You can't hate his talent!	372138721
551795570051141632	RT @AAABORODE: Jose Mourinho! You can't hate his talent!	243254547
552936868724359168	Jos√© Mourinho - Por qu√©?: http://t.co/u2QMy0mbcg esepenal @Osnilead	48842977
548560640290222080	Jos√© Mourinho: "√â importante sentirmo-nos felizes" http://t.co/XHKQZmT8rh	73249951
549276609325584385	Jos√© Mourinho: "√Årbitro devia estar envergonhado" http://t.co/TMNqYXP1bI	76695506
549266475463098368	Jos√© Mourinho: "√Årbitro devia estar envergonhado" http://t.co/Yttg5lBIB7	73249951
542500227345686528	Jos√© Mourinho quer Sporting apurado http://t.co/MPKc0CXSyV #dnoticias	22905057
555489360565788672	RT @ramonnolasco7: Jos√© Mourinho, melhor treinador do s√©culo! #QuinasDeOuro	164935953
572111281496457216	Jos√© Mourinho vence Ta√ßa da Liga inglesa. Parab√©ns.	19973332
572318252086370305	Mauricio Pochettino rendido a Jos√© Mourinho http://t.co/T8u0tHZpnt	73249951
572329499548766208	Jos√© Mourinho: "Quis matar o Silvino" http://t.co/BBsbQQuqij	73249951
572301994095972353	Mauricio Pochettino rendido a Jos√© Mourinho http://t.co/7ce0M2ZIL9	447397227
572538622550904832	Jos√© Mourinho esqueceu-se da sua postura! http://t.co/XGtFy1s4i7	107181968
572406790308151296	RT @Mourinholic: Jose Mourinho and Rui Faria. http://t.co/FfnJfdCiA6	127690935
580531848394219521	Quando o Jos√© Mourinho convida o teu pai para almo√ßar	523328731
576445665628192768	Jos√© Mourinho √© para renovar http://t.co/KswJaPFpQd	229821499
576356170421637120	RT @TSBible: Pure class from Jose Mourinho... https://t.co/yVzBq8tNJp	14321207
576450943627042816	[Relvado] Jos√© Mourinho √© para renovar http://t.co/IJVv4PKENH #desporto	485975606
575819174318063616	@filipecosta91 Jos√© Mourinho can go back to Portugal : LOSER !	130927583
559083901323210752	[Sol] Jos√© Mourinho "envergonhado" com derrota hist√≥rica http://t.co/WeOrNmZtci	485975606
569051734766714880	"JJ que n√£o brinque com o meu trabalho" - Jos√© Mourinho	29833593
569051550888423424	"N√£o queremos o Talisca para nada" - Jos√© Mourinho	29833593
572115260091588609	RT @TipsFutbol: Simplemente Jos√© Mourinho: http://t.co/Vs3LE2SAS0	33050022
578517377844826112	[Record] Jos√© Mourinho out http://t.co/ZQyWtuCx0M #desporto	485975606
575800758836273152	RT @GeniusFootball: Jose Mourinho be like http://t.co/inUwnmvcnv	30223081
575783111436464128	RT @ltsSundayLeague: Jos√© Mourinho right now... http://t.co/626w88Wiys	339297495
575782681365102592	RT @GeniusFootball: Jose Mourinho be like http://t.co/inUwnmvcnv	186162856
575787171870863360	RT @Footy_Jokes: Jose Mourinho right now... http://t.co/xerjD5Gcfb	125003027
551064573865099265	RT @GeniusFootball: Jose Mourinho be like.. http://t.co/dzX1UDC2R6	493306747
549539611769196545	Gary Neville critica Jos√© Mourinho http://t.co/HYf4VVa41B	73249951
550708005319499776	RT @FourFourTweet: Jose Mourinho. The boss. http://t.co/m4OsGuwalU	303523835
550707537000284160	RT @TSBible: Incredible from Jose Mourinho! http://t.co/a78m8DStLv	14321207
550720018099748865	RT @TSBible: Incredible from Jose Mourinho! http://t.co/a78m8DStLv	11346202
550336643476242432	¬´Estamos em primeiro porque merecemos¬ª - Jos√© Mourinho http://t.co/SnpacU4Y1v	76695506
544107295643144192	Jos√© Mourinho: Os ‚ÄúAnjos‚Äù do treinador http://t.co/JlD490tiOz	30089572
557448701917270016	¬´Jos√© Mourinho √© o expoente m√°ximo¬ª http://t.co/xzH1gcdSDJ	36373505
560055992071643137	[Record] Como Jos√© Mourinho foi "feijonizado" http://t.co/9WlsvcseAT #desporto	485975606
560416517754331136	Jos√© Mourinho multado em 33 mil euros http://t.co/ny6LF80y1k	229821499
559051666096279552	[zerozero] Jos√© Mourinho: ¬´Sinto-me envergonhado¬ª http://t.co/wRsN6JiurB #desporto	485975606
559050043567525889	RT @TSBible: Fair play to Jose Mourinho . . . http://t.co/LrgiB8UOMK	14321207
559045020112928768	RT @FootballFunnys: Fair play to Jose Mourinho . . . http://t.co/1vJokrW47R	299547840
559799071524007938	RT @omomani: Happy Birthday Jose #Mourinho  #CFC http://t.co/htKetZThOI	125003027
561126531464839168	Paul Scholes ataca Jos√© Mourinho http://t.co/Gwv1gP8KJm	73249951
561134762233200640	Inglaterra: Paul Scholes ataca Jos√© Mourinho http://t.co/ct8g5enGzw	14842285
557674490587783171	Jos√© Mourinho: "Control√°mos o Liverpool" http://t.co/9Lnw8L0VGt	73249951
567726630123352064	Fran√ßa: Jos√© Mourinho recusou convites do PSG http://t.co/rhm0zuKaZW	14842285
567677249806008320	Jos√© Mourinho recusou convites do PSG http://t.co/tEFkHupZZ2	229821499
587621428595273728	@EurosportTV_Por @OlivierBonamici haver√° m√£o de Jos√© Mourinho nesta fant√°stica equipa?	55624288
587995235906560000	Jos√© Mourinho quer ter Gait√°n em Londres http://t.co/GDYnc6FSQg	76695506
588448941709991936	RT @SportHumour: Jose Mourinho right now... http://t.co/JQu7gzNWEd	81255378
585186313088950272	RT @FootballFunnys: Jose Mourinho right now http://t.co/xLQD209Ep0	125003027
585172261893705728	RT @FootballFunnys: Jos√© Mourinho right now... http://t.co/wnJvKjXTGa	100826152
594869396662820864	Jos√© Mourinho campe√£o em Inglaterra. Parab√©ns ao Chelsea.	19973332
594977925566435328	Primeiro a fam√≠lia :) parab√©ns Jos√© Mourinho :) http://t.co/gHgTpg6QJg	189073448
596268725688340480	[Record] Jos√© Mourinho, o campe√£o http://t.co/wiV5Y1Ot5R #desporto	485975606
596262461549977600	Clube dos Pensadores - Jos√© Mourinho, o campe√£o http://t.co/oy4UoXeuh6	19663485
590918920661561345	.@jamesbardolph Ask ddk how he pronounces "Jose MOUrinho". Case cleared.	54599495
587191920000118785	"Ronaldo e Messi n√£o salvam vidas" by Jos√© Mourinho	19674853
594904493369794560	|Parab√©ns Jos√© Mourinho || The Special One! http://t.co/gmRSS40vdX|	278077299
594908067864645632	RT @Fernando__Gomes: Muita forte o Jos√© Mourinho..... https://t.co/WBCnvrlLrf	800072977
594907277745889280	Muita forte o Jos√© Mourinho..... https://t.co/WBCnvrlLrf	60543210
595183086704447488	@asulado o jos√© mourinho √© bu√© gerador! :D	19612753
594870004694315008	RT @Fant3: Parab√©ns ao Chelsea e a Jos√© Mourinho.	42848971
594869185186025472	Congratulations Chelsea!!!!  Jos√© Mourinho really the special one!	50982663
594870605381513216	Jos√© Mourinho nasceu para ser o que √©: um campe√£o.	82381798
594872610053292032	RT @SilviaGuedes: Congratulations, Jos√© Mourinho.  https://t.co/t7c2ahiE0g	1889832038
594875026391859200	@GreggRobertson5 Remember, shout Jos√© Mourinho for me too ‚úåüèª	63549526
593022552697475072	[Record] O "Deus" Jos√© Mourinho http://t.co/vPT9wvPiN3 #desporto	485975606
592435715692191744	Jos√© Mourinho ao seu melhor estilo!  http://t.co/SzaFDUUh6l	19674853
593368086570471424	:.: O "Deus" Jos√© Mourinho - offside - Jornal Record :.: http://t.co/tZDiK9HYKL	19784606
593485033278668800	[RTP Noticias] Gael Clichy elogia Jos√© Mourinho http://t.co/ZG0lRTZcjt	485975606
594092575063220224	RT @RobrafM: @SkyFootball the same jose mourinho he pushed? #hypocrite	138819615
594125398495121408	Ars√®ne Wenger exige respeito a Jos√© Mourinho  http://t.co/r2VfDLAnmJ	17306424
596690245011296257	RT @Gerrard8FanPage: Jose Mourinho on Steven Gerrard.  http://t.co/Pwswqq84Aj	81255378
587967095263985665	Jos√© Mourinho quer ter Gait√°n em Londres http://t.co/KJglg4AzoO	447397227
592038755621535744	Chelsea's Jose Mourinho plays press officer prank http://t.co/3uVW1lJ2Ny	38732601
597366311203840002	Jos√© Mourinho, primeiro-ministro do Reino Unido? http://t.co/5BPaBsbPco	8976052
598520131187159040	Jos√© Mourinho: Pai internado outra vez http://t.co/QNoK0aDb1V	97637425
596964227291688960	RT @esttoper: Jos√© Mourinho, sobre Leo Messi. http://t.co/WXmlrjYYbc	16349463
596727638170927104	ALBARQUEL E AVENIDA JOS√â MOURINHO BLOQUEADAS AMANH√É http://t.co/LFix8ABMTw	31140929
596729848661299200	[Record] Os elogios de Jos√© Mourinho http://t.co/IAvIpbcuaK #desporto	485975606
609475178775449600	[AutoPortal] Jos√© Mourinho sem carta de condu√ß√£o http://t.co/BFkCzm9pXW	485975606
608609663995768832	RT @tomgunner14: Jose Mourinho on #Arsenal..... http://t.co/zRqivm0rEv	182829291
608974727764320257	Jos√© Mourinho: Est√° impedido de conduzir http://t.co/Lu8eKtQeMx	97637425
608979796555649024	Jos√© Mourinho ficou sem carta de condu√ß√£o http://t.co/6npY0H1xce	26276346
632105447017701376	[Correio da Manh√£] Jos√© Mourinho insulta m√©dica http://t.co/RyWdCHdyst	485975606
628959878883770368	Jos√© Mourinho vs Paulo Sousa #ICC2015 #sporttv http://t.co/rURrXOixjt	40019154
634845026279911424	RT @Mourinholic: Pedro and Jose Mourinho. #cfc http://t.co/uEgpe8nlLX	45688211
636935931279331328	@FCPorto  vs Jos√© Mourinho :D ate os comemos	3448433115
616434448402231296	[S√°bado] Cech n√£o esquece Jos√© Mourinho http://t.co/kWays3cZ4M	485975606
616432932132098048	Inglaterra - Cech n√£o esquece Jos√© Mourinho http://t.co/GU4zafSclv	19663485
616865722292137984	Offside - Conselhos de Sua Santidade... Jos√© Mourinho http://t.co/WeQFAGzNlT	19663485
616976960409878528	Oficial: Falcao √© refor√ßo para Jos√© Mourinho http://t.co/MoVolCxpMV	229821499
621300116222275585	RT @lwtkittens: #GrowingUpPortuguese Cristiano Ronaldo and Jos√© Mourinho.	518893226
621297724923768832	RT @lwtkittens: #GrowingUpPortuguese Cristiano Ronaldo and Jos√© Mourinho.	500904620
621305299643797508	RT @lwtkittens: #GrowingUpPortuguese Cristiano Ronaldo and Jos√© Mourinho.	22161429
621305310641291264	RT @lwtkittens: #GrowingUpPortuguese Cristiano Ronaldo and Jos√© Mourinho.	186525972
621262504291774464	Tr√¢nsito: Avenida Jos√© Mourinho ‚Äì¬†Biatle http://t.co/Me94rWPWL1	115643097
624206651109670912	Uiiii o mister Jos√© Mourinho tem p√©zinhos! http://t.co/ldjzZxxryK	69700859
627870930971328512	Petr Cech is laughing; Jose Mourinho is crying.	45979353
628252340517216256	Veja o que fez Jos√© Mourinho :O http://t.co/tZ6NL5lPU5	69700859
609285778032717824	"Jose Mourinho banned from driving" t√≠pico tuga! :) http://t.co/WxlWAXaLQL	12924692
609316581609447424	Jos√© Mourinho ficou sem carta de condu√ß√£o http://t.co/snxWQLSY1k	17084327
609331854521450496	[AutoPortal] Jos√© Mourinho sem carta de condu√ß√£o http://t.co/OT0X3foOWH	485975606
629745527421210625	[Observador] Jos√© Mourinho renova com o Chelsea http://t.co/5EUMBpq6QR	485975606
630122537792335872	Soccer-Chelsea manager Jose Mourinho http://t.co/66e6VOrKCG	119715650
629803770155667456	Soccer-Chelsea manager Jose Mourinho http://t.co/qiFYJLnd2L	117388746
630328530107154432	Soccer-Chelsea manager Jose Mourinho http://t.co/oT34gqLg3h	119715650
629954365705490434	Soccer-Chelsea manager Jose Mourinho http://t.co/ZWWcpp5BoK	117388746
630384368985460736	RT @LordSnow: "Jose Mourinho sends his regards." - Cech to Wenger	739309368
630334797936627712	Soccer-Chelsea manager Jose Mourinho http://t.co/HazVRqkBSA	117388746
632958201655369728	RT @goonerdeybor: Typical third season from Jose Mourinho.	182829291
621357913135824896	RT @lwtkittens: #GrowingUpPortuguese Cristiano Ronaldo and Jos√© Mourinho.	859879945
621357932727390208	RT @lwtkittens: #GrowingUpPortuguese Cristiano Ronaldo and Jos√© Mourinho.	859879945
625996390775140354	Pinto da Costa responde a Jos√© Mourinho http://t.co/VQbxiGrs61	229821499
626499988298833921	RT @lacarabfutbol: Rafa Ben√≠tez vs Jos√© Mourinho. https://t.co/n0jY0ZvRbL	131488467
626318352051531776	RT @SVilarino: " Gordo, controla a tu zorra", Jos√© Mourinho.	21099787
626499186213691392	RT @lacarabfutbol: Rafa Ben√≠tez vs Jos√© Mourinho. https://t.co/n0jY0ZvRbL	18734645
611290351794585602	RT @WillianElastico: Jose Mourinho, what a man. http://t.co/Xp4oqlfM86	115598495
645245198788857856	Vit√≥ria important√≠ssima para Jos√© Mourinho http://t.co/q8CKgOfVd1	21103366
644843230366973952	RT @Mourinholic: Arsene Wenger v Jose Mourinho. http://t.co/qjcvUUE5ZH	81255378
637982358201847808	RT @TeamCRonaldo: Jos√© Mourinho, you geniusüòÇ http://t.co/Btp90cwJmv	151839326
639412431534428160	[Record] Jos√© Mourinho come√ßa mal http://t.co/Di5TApBBc9 #desporto	485975606
638395927200419840	RT @TeamCRonaldo: Jos√© Mourinho, you geniusüòÇ http://t.co/Btp90cwJmv	417429452
643811080117035008	@PortuGoal1 Rui Vitoria, Paulo Sousa, Jose Mourinho, AVB, Domingos Paciencia	1118762142
637771313185181701	RT @GeniusFootball: That's Jose Mourinho for you.. http://t.co/87nrLTsvYO	56696878
642014150516998149	RT @PurelyFootball: Will Ferrell trolling Jose Mourinho. http://t.co/M8S4Zt6yZV	539391152
642012907102932992	RT @PurelyFootball: Will Ferrell trolling Jose Mourinho. http://t.co/M8S4Zt6yZV	76208548
642335768132849664	Jos√© Mourinho confirma les√£o grave de Courtois http://t.co/zYgmlMEc5n	29690355
642731642369540096	Boa tarde a todos. O Jos√© Mourinho j√° foi despedido?	18166038
625624354727030784	RT @ChelseaFC_es: Jos√© Mourinho &amp; Thierry Henry. http://t.co/Q4KSsvfn64	81255378
624119993177915392	RT @SoccerSt_: Jose Mourinho enjoying pre-season.. http://t.co/cEr74CEN7q	125003027
630462229171736576	Soccer-Chelsea manager Jose Mourinho http://t.co/1X4NFYxQga	117388746
630660870561927170	Soccer-Chelsea manager Jose Mourinho http://t.co/Ubh8W1KDec	119715650
630612387142307841	Soccer-Chelsea manager Jose Mourinho http://t.co/4V1MP7OvGc	117388746
630728894698512384	Soccer-Chelsea manager Jose Mourinho http://t.co/Hph6NjT7ER	117388746
630049624980594688	Jose Mourinho signs new 4 year contract extension with Chelsea	72721754
630078340175560704	Soccer-Chelsea manager Jose Mourinho http://t.co/7I7355XylP	117388746
629714567174717440	Jos√© Mourinho assinou por mais 4 anos com o Chelsea.	20766350
629742508059308033	Jos√© Mourinho renovou pelo Chelsea at√© 2019 http://t.co/Awlh8h3686	50619902
649174637637685249	RT @nefarioustim: @charlie_whiting Replacing Eric Boullier with Jose Mourinho.	30193608
648970908066021376	A maldi√ß√£o de Eva Carneiro continua a assombrar Jos√© Mourinho.	20717877
651020881922134016	[DNoticias] Chelsea reitera confian√ßa em Jos√© Mourinho http://t.co/q7Lhn5R0I7	485975606
651024433071587328	Chelsea reitera confian√ßa em Jos√© Mourinho http://t.co/f5VsOpc0LA	41400946
650363322529792000	Jose Mourinho cleared by FA in doctor dispute	72721754
650393389897252866	RT @DavidBrentMusic: Jose Mourinho right now #CFC http://t.co/uKQGcOzi73	106578450
649335913298923520	RT @PedroDivaio: Je t'aime Jos√© Mourinho.  http://t.co/nGH0iIHmpy	20428049
651467030797905920	Rt se falas melhor ingl√™s que o Jos√© Mourinho	173650964
638452183629963264	RT @TeamCRonaldo: Jos√© Mourinho, you geniusüòÇ http://t.co/Btp90cwJmv	244135934
641635658751152128	@Old_Mans_Beard entao ainda nao viram o ugly jose mourinho jr	19439517
642713684914143236	√öLTIMA HORA: Jos√© Mourinho ainda n√£o FOI DESPEDIDO	51408749
642656209120686080	RT @TeamCRonaldo: Jos√© Mourinho, you geniusüòÇ http://t.co/Btp90cwJmv	83360426
642671540673355776	RT @HITCtopcorner: Jose Mourinho be like... #CFC http://t.co/8MMyp7JQwv	107154097
642682559294476288	Bem parece que Jos√© Mourinho, vai mesmo perder o campeonato!	59075590
644251617395638272	Chelsea goleia para alegria de Jos√© Mourinho http://t.co/bk5dzRLKtT	29690355
643923553184714752	Quando perguntas coisas que irritam Jose Mourinho http://t.co/uxxFfDZlTA	86233091
648925098787913728	RT @kurtneverdie09: Hoje somos todos Portugueses. Carrega Jos√© Mourinho ! #CarregaBenfica	577062027
648924841421209600	RT @kurtneverdie09: Hoje somos todos Portugueses. Carrega Jos√© Mourinho ! #CarregaBenfica	3128776397
648927614678269952	RT @kurtneverdie09: Hoje somos todos Portugueses. Carrega Jos√© Mourinho ! #CarregaBenfica	2282667188
648927823277727744	RT @kurtneverdie09: Hoje somos todos Portugueses. Carrega Jos√© Mourinho ! #CarregaBenfica	2815531832
648925365042348032	RT @kurtneverdie09: Hoje somos todos Portugueses. Carrega Jos√© Mourinho ! #CarregaBenfica	2680580179
648924731928739840	RT @kurtneverdie09: Hoje somos todos Portugueses. Carrega Jos√© Mourinho ! #CarregaBenfica	126978294
648928368273039360	RT @kurtneverdie09: Hoje somos todos Portugueses. Carrega Jos√© Mourinho ! #CarregaBenfica	1531711705
650358616688619520	Quem salta primeiro: Ant√≥nio Costa ou Jos√© Mourinho?	524238345
650368600365232128	RT @__arsenalnews_: Jose Mourinho should just bring on Mike Dean.	261806244
651038884147560449	[Observador] Chelsea reitera confian√ßa em Jos√© Mourinho http://t.co/awHlKwntCz	485975606
651014837410111488	Chelsea reitera confian√ßa em Jos√© Mourinho  http://t.co/TAfJZYdCE2	26276346
651085706694029312	Pauleta likes PSG push for Jose Mourinho and Cristiano Ronaldo	72721754
649362107184640000	Jose Mourinho Cleared Over Club Doctor Row http://t.co/gV9tQ6jYfM	38732601
648670033963524096	Jose Mourinho on Iker Casillas.  #FCPorto http://t.co/8IcDHjvyUF	461554847
648926696457027585	RT @kurtneverdie09: Hoje somos todos Portugueses. Carrega Jos√© Mourinho ! #CarregaBenfica	2186996071
648926729562664960	RT @kurtneverdie09: Hoje somos todos Portugueses. Carrega Jos√© Mourinho ! #CarregaBenfica	1058846414
652220817611354113	RT @Mourinholic: Jos√© Mourinho and J√ºrgen Klopp. http://t.co/4cl8a41kLo	127690935
653460507786125312	Abramovich 'salvou' Jos√© Mourinho do despedimento. http://t.co/aPOvr6PJbI	36373505
652084011200851968	Jos√© Mourinho rendido a Paulo Sousa. http://t.co/K5xUILDHsI	36373505
653961689612873728	Jos√© Mourinho - Draw My Life  https://t.co/YRd74im64B	461554847
653969186142744576	RT @FCPortoWorld: Jos√© Mourinho - Draw My Life  https://t.co/YRd74im64B	1002609368
653987698160586752	RT @FCPortoWorld: Jos√© Mourinho - Draw My Life  https://t.co/YRd74im64B	240748589
653999744121966592	RT @FCPortoWorld: Jos√© Mourinho - Draw My Life  https://t.co/YRd74im64B	2798123514
653678008352567296	Jose Mourinho dressed as a Jedi http://t.co/9FEbPRcvDV‚Äù	107888405
655098551605702656	RT @FCPortoWorld: Jos√© Mourinho - Draw My Life  https://t.co/YRd74im64B	2819247558
656589513259528192	[O Jogo] Lopetegui superou Jos√© Mourinho https://t.co/ni8fdvHQkk #desporto	485975606
656864410561040384	Jos√© Mourinho agride adolescente de 14 anos https://t.co/k9vnQtSpGs	178412854
656863024150654976	Jos√© Mourinho agride adolescente de 14 anos https://t.co/jBl3rLXgmn	178412854
656862680066695168	Jos√© Mourinho agride adolescente de 14 anos https://t.co/z5godxm0QN	178412854
656863070980063232	Jos√© Mourinho agride adolescente de 14 anos https://t.co/aZGQESm2Wn	178412854
656866346504974336	Jos√© Mourinho: Uma vergonha de pessoa https://t.co/RrbCJSldOw	47450772
659114474968870912	Carlos Carvalhal to replace Jos√© Mourinho. üòÇ #SWFC #CFC	55374550
660468363622248448	RT @FutballTweets: Bye bye Jose Mourinho! https://t.co/Cglad4cJBj	45927866
660882167870832640	Acionista quer Jos√© Mourinho no Monaco https://t.co/fWZv4KBxiJ	31594288
661261034380992516	Jos√© Mourinho castigado pela Federa√ß√£o Inglesa https://t.co/7mlLX74kyw	16451028
659462161144545280	Jos√© Mourinho promete n√£o baixar os bra√ßos https://t.co/u66ol62c9W	447397227
660466851911192577	RT @Squawka: TWITPOLL: Should Chelsea sack Jose Mourinho?	8788992
660489482030985216	RT @nluz: Flash interview de Jos√© Mourinho https://t.co/sbecOKW22e	19865728
660487540869365760	Flash interview de Jos√© Mourinho https://t.co/sbecOKW22e	18671165
660471968634916864	Estado Isl√¢mico reivindica ter abatido o Chelsea de Jos√© Mourinho.	17980026
660423792456392704	Jos√© Mourinho ligado ao Real Madrid https://t.co/Lsjbs4Hi2w	31594288
661140023887138816	Chelsea: jogadores est√£o a tramar Jos√© Mourinho. https://t.co/ixtMRiqNXx	36373505
661145747795017728	Jose Mourinho given short leash by Chelsea board	72721754
661206842534662144	Eva Carneiro processa Jos√© Mourinho. https://t.co/iagrgfBonM	36373505
657931882013831168	RT @Eurosport_UK: Jose Mourinho after today's game... https://t.co/XB9qW1wz0Z	226206098
657954550427602944	RT @Sarah_091711: I AM 100% BEHIND JOSE MOURINHOüíôüíôüíôüíôüíô	81255378
658805573476089856	Inglaterra - Mark Hughes defende Jos√© Mourinho https://t.co/tgvTKeJPJf	19663485
663330142450749440	Vitor Baia em defesa de Jos√© Mourinho https://t.co/FqWcfezoib	29833593
662407840716451840	Agora todo juntos...Jos√© Mourinho, Jos√© Mourinhoooooo, Jos√© MoUuurinho	21489408
662452914640650240	[S√°bado] Cristiano Ronaldo solid√°rio com Jos√© Mourinho https://t.co/CN4zPoNixM	485975606
663793670504730624	Jos√© Mourinho, o eterno Special One https://t.co/Qu3uoaDSXV	86233091
663793829741391873	Jos√© Mourinho presente na estreia do filme de Cristiano Ronaldo.	18671165
664111249152577536	Jose Mourinho  makes surprise appearance at Cristiano Ronaldo  movie premiere	72721754
663075020994945024	H√° muitas semelhan√ßas entre o governo PaF e Jos√© Mourinho	24787524
662231146093260800	Clube dos Pensadores - Jos√© Mourinho https://t.co/c3fIOBYuSr	19663485
662019635248766977	L√° continua o est√°dio a cantar por Jos√© Mourinho	17827029
661931330695892993	M√≥naco desmente interesse em Jos√© Mourinho https://t.co/dslPCyVxuh	73249951
666605966302031872	Jos√© Mourinho prepara revolu√ß√£o no Chelsea https://t.co/e7O4uz7rhL	86233091
667303433070751744	PONELEIRO 2015 #10 ‚Äì JOS√â MOURINHO https://t.co/ptOnOfRJw4	84918596
440187165025533952	RT @filippomricci: 'Jose Mourinho, Jose Mourinho', chant of the Real Madrid Ultras waiting to leave the Calderon.	19301487
441630029169299456	Jos√© Mourinho, comentador no Mundial 2014  A empresa norte-americana Yahoo, contratou Jos√© Mourinho para ser o... http://t.co/TmLV2bGN5B	21486073
476048449042137088	JOGO SOLID√ÅRIO COM JOS√â MOURINHO, ROBBIE WILLIAMS E GORDON RAMSAY   Jos√© Mourinho treinou uma equipa treinada... http://t.co/LyZDyB5VET	21486073
512938340283584512	Jos√© Mourinho - Jorge Jesus - Jos√© Mourinho responde a Jesus: ¬´Ele l√™ Dumas, eu leio a... http://t.co/XLJGIrCFbS	25199097
512978731409739776	Jos√© Mourinho ataca Jorge Jesus: ‚ÄúProcuro n√£o agredir a pobre gram√°tica‚Äù: Numa entrevista √° TVI Jos√© Mourinho ... http://t.co/FZWnF00qFZ	82696837
512721081329676288	Jos√© Mourinho - Jorge Jesus - Jos√© Mourinho responde a Jesus: ¬´Ele l√™ Dumas, eu leio a... http://t.co/SS3v3sAkqG	19855615
512741934247333888	Jos√© Mourinho - Jorge Jesus - Jos√© Mourinho responde a Jesus: ¬´Ele l√™ Dumas, eu leio a... http://t.co/Tfnbk75SLm	315249825
523409801754476544	‚ÄúJos√© Mourinho ataca clubes" t√≠tulo quando ele for seleccionador @cmjornal: Jos√© Mourinho ataca sele√ß√µes http://t.co/rgX06GaXaS	25842391
527015298851827712	Jos√© #Mourinho √© o √∫nico portugu√™s candidato a #treinadordoano: O portugu√™s Jos√© Mourinho √© o √∫nico‚Ä¶ http://t.co/fOWGtqbmi8 #dnoticias	22905057
538384688243408896	Jos√© #Mourinho nega possibilidade de Chelsea contratar #Messi: O t√©cnico portugu√™s Jos√© Mourinho negou‚Ä¶ http://t.co/9j1H9rMqmZ #dnoticias	22905057
577421861795033088	RT @__arsenal_news_: February 22nd: Jose Mourinho: "I don't understand why Arsenal are not challenging us"  Today: Jose Mourinho: "Arsenal ‚Ä¶	113032252
565783394941140992	RT @bifana_bifana: Malcolm Allison influenced the young Jos√© Mourinho. The *mature* Jos√© Mourinho appears to be copying Alex Ferguson.  htt‚Ä¶	949565820
565788608507166720	RT @bifana_bifana: Malcolm Allison influenced the young Jos√© Mourinho. The *mature* Jos√© Mourinho appears to be copying Alex Ferguson.  htt‚Ä¶	2319915401
565777714612023297	Malcolm Allison influenced the young Jos√© Mourinho. The *mature* Jos√© Mourinho appears to be copying Alex Ferguson.  http://t.co/rL0j27YSdn	148813738
565780933434146816	RT @bifana_bifana: Malcolm Allison influenced the young Jos√© Mourinho. The *mature* Jos√© Mourinho appears to be copying Alex Ferguson.  htt‚Ä¶	454086392
565815598819835904	RT @bifana_bifana: Malcolm Allison influenced the young Jos√© Mourinho. The *mature* Jos√© Mourinho appears to be copying Alex Ferguson.  htt‚Ä¶	552568183
588004120965054464	Jos√© Mourinho, Jos√© Mourinho (n√£o podiam cantar o nome de Lopetegui porque Guardiola gosta muito dele). https://t.co/xapUIirCrU	14166909
629365287947751429	|VIDEO: Caras Do Poder - Jos√© Mourinho || Reportagem TVI #26 Caras Do Poder - Jos√© Mourinho || Reportagem TVI #26.... http://t.co/aSqsBTvGLk|	21294212
649962933275889669	Jos√© #Mourinho atravessa "pior momento da carreira, com os piores resultados": ¬†Jos√© Mourinho admitiu‚Ä¶ http://t.co/JDIZOzwyex #dnoticias	22905057
653869972339363845	Twittersphere Slams Jose Mourinho: Jose Mourinho can‚Äôt handle the heat anymore hence the need to disguise hims... http://t.co/xEMpdKiD5A	95201847
654980408946356224	VIDEO: English subtitles: an interview with Jos√© Mourinho Recently, FPF‚Äôs 360 Magazine spoke with Jos√© Mourinho,... http://t.co/ALc6qlCWgl	21294212
656375414181335041	Jos√© #Mourinho entre os candidatos a #treinadordoano: O portugu√™s Jos√© Mourinho √© um dos dez candidatos‚Ä¶ https://t.co/nNHUUSJawE #dnoticias	22905057
424936780484603904	RT @SamWallaceIndy: MUFC fans sing: 'Jose Mourinho, you wanted the job'  Mourinho waves back at them	101664884
424936905269346304	RT @SamWallaceIndy: MUFC fans sing: 'Jose Mourinho, you wanted the job'  Mourinho waves back at them	14856333
424937841940889600	RT @SamWallaceIndy: MUFC fans sing: 'Jose Mourinho, you wanted the job'  Mourinho waves back at them	461554847
424937004938579969	RT @SamWallaceIndy: MUFC fans sing: 'Jose Mourinho, you wanted the job'  Mourinho waves back at them	29267341
427511291528220672	Matic - Jos√© Mourinho - Mourinho: ¬´Matic permite √† equipa voar¬ª: http://t.co/VRCBguZqr5 via @twitterapi	65363635
441554365279920128	Exclusive interview with Jos√© Mourinho - mourinhoforyahoo: Mourinho assina pela Yahoo http://t.co/HEAl1ehw4d	16630589
453642181379506176	RT @luanabyshrp: Jos√© Mourinho is such a BOSS! #mourinho #ChelseaPSG #CFCPSG #chelsea #awesome #ChampionsLeague	2409403880
453641822095409152	Jos√© Mourinho is such a BOSS! #mourinho #ChelseaPSG #CFCPSG #chelsea #awesome #ChampionsLeague	14390848
461580841995747328	RT @MiguelDelaney: Atletico fans singing 'Jose Mourinho, hijo de puta' again. Mourinho stands impassively.	33050022
475929795847782400	Jos√© Mourinho brilha num amig√°vel em Old Trafford  #mou #mourinho #specialone http://t.co/BfyWicqiw8	31594288
474144165786558465	Os progn√≥sticos de Jos√© Mourinho  #fifawc2014 #brasil2014 #mourinho #portugal http://t.co/1YAMfg4o5f	31594288
478137914078285824	RT @OldSchoolPanini: Felix MOURINHO and Jos√© MOURINHO #HappyFathersDay http://t.co/PC5EwlBoGB	17589797
478136746425978880	RT @OldSchoolPanini: Felix MOURINHO and Jos√© MOURINHO #HappyFathersDay http://t.co/PC5EwlBoGB	14166909
480860115302887425	Mourinho para 1¬∫-ministro? @lfrancobastos Demoras muito, Jos√© Mourinho? H√° um pa√≠s que precisa de ti.	46853153
521262374788272128	Jos√© Mourinho recusou duas vezes tornar-se treinador do PSG #Mourinho #PSG http://t.co/fkxVavToTb	31594288
511164200195203072	Jos√© Mourinho esta noite no ¬´Contragolpe¬ª (TVI24) http://t.co/0WACzmqma6 #mourinho	222225064
519079936167251968	DANIEL ALVES sobre JOS√â MOURINHO : "Mourinho n√£o inventou o futebol, ele n√£o descobriu nada". +	190246044
491646223326388224	Jos√© Mourinho: ¬´Estamos prontos para ganhar a Premier Premier League¬ª   #Mourinho #Chelsea http://t.co/u9S9uYaFLJ	31594288
528251274073219072	|Jos√© Mourinho - Internacional - Mourinho ao Maisfutebol: ¬´N√£o mere√ßo a Bola de Ouro¬ª ||... http://t.co/pVf82z5ATZ|	144891555
532623132029227008	RT @SLBenfica_FR: Jos√© Mourinho pense √† Anderson Talisca pour remplacer Didier Drogba #CarregaBenfica #Chelsea #Mourinho #Drogba	126978294
517085707345874946	F√†bregas pediu a Jos√© Mourinho para ficar em Lisboa.  #F√†bregas #Mourinho #Sporting #Chelsea http://t.co/1fo4I6GHq2	51425647
537025364187688961	Jos√© Mourinho caminha para √©poca de sonho #Mourinho #SpecialOne #Chelsea #BarclaysPremierLeague http://t.co/Xh8YuXQ6cV	31594288
595721698898489344	S√≥ mesmo Jos√© Mourinho consegue uma coisa destas Ûæ∞Ä  #√çdolo #Mourinho #Jos√©Mourinho #OMelhordoMundo #DoaaquemDoer... http://t.co/6N34uayCWB	24923201
584443530464129024	Chelsea vs Stoke 2 : 1 - Jose Mourinho post-match interview: https://t.co/fqzQTnmJke #CFC #Mourinho	16188219
601717449453604864	RT @zerozeropt: Jos√© Mourinho √© o treinador do ano #PremierLeague #Chelsea #Mourinho #Hazard http://t.co/lFwAKnXexZ	1043453228
601680865090019328	Jos√© Mourinho √© o treinador do ano #PremierLeague #Chelsea #Mourinho #Hazard http://t.co/lFwAKnXexZ	31594288
601680918462488576	RT @zerozeropt: Jos√© Mourinho √© o treinador do ano #PremierLeague #Chelsea #Mourinho #Hazard http://t.co/lFwAKnXexZ	2827693091
601680931125071872	RT @zerozeropt: Jos√© Mourinho √© o treinador do ano #PremierLeague #Chelsea #Mourinho #Hazard http://t.co/lFwAKnXexZ	1167269844
601681065816813568	RT @zerozeropt: Jos√© Mourinho √© o treinador do ano #PremierLeague #Chelsea #Mourinho #Hazard http://t.co/lFwAKnXexZ	315855907
636293499852337152	|RT @WFCOfficial: CUP DRAW || Jose Mourinho gets to meet Ginger Mourinho!|	29297712
638829655487737857	Os problemas de Jos√© Mourinho http://t.co/thhsmK0e1Q #apostas #futebol #chelsea #CFC #mourinho #premierleague #mancity #BPL	127274178
418271334066421760	FCP Forever blog Entrevista a Jos√© Mourinho n' O Jogo: foi h√° 10 anos que Jos√© Mourinho conquistou o primeiro ... http://t.co/eeQo74fSDT	19447540
437307799736156160	O Chelsea de Jos√© Mourinho venceu hoje o Everton. Contudo foi um jogo t√£o dif√≠cil que Jos√© Mourinho at√© entrou em... http://t.co/CcsMBnEH5A	21486073
442233267492634624	Jos√© Mourinho √© capa da revista ‚ÄòEsquire‚Äô   Jos√© Mourinho j√° est√° a dar que falar pelas suas declara√ß√µes... http://t.co/5HNbjXZm8h	21486073
488018549214961665	#fame #famosos Jos√© Mourinho de f√©rias com a fam√≠lia: Jos√© Mourinho viajou com a mulher, Matilde, que n√£o apar... http://t.co/kt7iorxtye	14973885
516700113524105216	Jos√© #Mourinho desafia Marco Silva a n√£o jogar para o empate: Jos√© Mourinho pediu hoje ao treinador do‚Ä¶ http://t.co/nQBnMenspF #dnoticias	22905057
505403301265821696	Record: Jos√© Mourinho: ¬´Sporting √© um advers√°rio dif√≠cil¬ª: Jos√© Mourinho considera que o Chelsea ter√° de ter m... http://t.co/tZU8BEk545	43959578
505404492511453184	RT @portalsporting: Record: Jos√© Mourinho: ¬´Sporting √© um advers√°rio dif√≠cil¬ª: Jos√© Mourinho considera que o Chelsea ter√° de ter m... http:‚Ä¶	1519524656
505403560453238784	RT @portalsporting: Record: Jos√© Mourinho: ¬´Sporting √© um advers√°rio dif√≠cil¬ª: Jos√© Mourinho considera que o Chelsea ter√° de ter m... http:‚Ä¶	572598596
505412476486549504	RT @portalsporting: Record: Jos√© Mourinho: ¬´Sporting √© um advers√°rio dif√≠cil¬ª: Jos√© Mourinho considera que o Chelsea ter√° de ter m... http:‚Ä¶	2258249581
527054568027222016	Jos√© #Mourinho √© o √∫nico portugu√™s candidato a treinador do ano: Jos√© Mourinho √© o √∫nico portugu√™s entre‚Ä¶ http://t.co/z2rjvPuhOB #dnoticias	22905057
527055082706436096	RT @dnoticiaspt: Jos√© #Mourinho √© o √∫nico portugu√™s candidato a treinador do ano: Jos√© Mourinho √© o √∫nico portugu√™s entre‚Ä¶ http://t.co/z2rj‚Ä¶	179385678
559667811535314944	Hoje √© dia....26 de janeiro, nasce Jos√© Mourinho, o ‚Äòspecial one‚Äô  Hoje √© dia de homenagear Jos√© Mourinho, que... http://t.co/UO1rLqz7Lz	114727454
600440329695830016	RT @soccerbuzztweet: Jose Mourinho stunned by possibility of 3-game ban for Cesc Fabregas: Chelsea manager Jose Mourinho was shocke... http‚Ä¶	19003183
627969272086720512	JOS√â MOURINHO, A MEDALHA E OS H√ÅBITOS  O facto de Jos√© Mourinho ter atirado a medalha de vencido na Superta√ßa... http://t.co/uvs8B39xL1	21287076
626082823368126464	Mikel Obi To Replace John Terry As Chelsea Captain ‚Äì Jose Mourinho: Jose Mourinho has tipped Super Eagles midf... http://t.co/nwzdvCZvtq	95201847
647134913783795712	RT @BernardoPiment4: Rep√≥rter: Jos√© Mourinho, n√£o acha que tem o rei barriga? Jos√© Mourinho: Eu n√£o, a minha m√£e √© que teve. #SpecialOne üòÇüòÇüòÇ	1157490013
646795380500230146	Rep√≥rter: Jos√© Mourinho, n√£o acha que tem o rei barriga? Jos√© Mourinho: Eu n√£o, a minha m√£e √© que teve. #SpecialOne üòÇüòÇüòÇ	626927311
646798627994796032	RT @BernardoPiment4: Rep√≥rter: Jos√© Mourinho, n√£o acha que tem o rei barriga? Jos√© Mourinho: Eu n√£o, a minha m√£e √© que teve. #SpecialOne üòÇüòÇüòÇ	1707241075
646797595998846976	RT @BernardoPiment4: Rep√≥rter: Jos√© Mourinho, n√£o acha que tem o rei barriga? Jos√© Mourinho: Eu n√£o, a minha m√£e √© que teve. #SpecialOne üòÇüòÇüòÇ	2877766438
646796843465117696	RT @BernardoPiment4: Rep√≥rter: Jos√© Mourinho, n√£o acha que tem o rei barriga? Jos√© Mourinho: Eu n√£o, a minha m√£e √© que teve. #SpecialOne üòÇüòÇüòÇ	2393070620
646795708813545477	RT @BernardoPiment4: Rep√≥rter: Jos√© Mourinho, n√£o acha que tem o rei barriga? Jos√© Mourinho: Eu n√£o, a minha m√£e √© que teve. #SpecialOne üòÇüòÇüòÇ	2965822817
646795745996111872	RT @BernardoPiment4: Rep√≥rter: Jos√© Mourinho, n√£o acha que tem o rei barriga? Jos√© Mourinho: Eu n√£o, a minha m√£e √© que teve. #SpecialOne üòÇüòÇüòÇ	70767168
646799476200443904	RT @BernardoPiment4: Rep√≥rter: Jos√© Mourinho, n√£o acha que tem o rei barriga? Jos√© Mourinho: Eu n√£o, a minha m√£e √© que teve. #SpecialOne üòÇüòÇüòÇ	100464299
646801420545589248	RT @BernardoPiment4: Rep√≥rter: Jos√© Mourinho, n√£o acha que tem o rei barriga? Jos√© Mourinho: Eu n√£o, a minha m√£e √© que teve. #SpecialOne üòÇüòÇüòÇ	3342589487
646799704228016128	RT @BernardoPiment4: Rep√≥rter: Jos√© Mourinho, n√£o acha que tem o rei barriga? Jos√© Mourinho: Eu n√£o, a minha m√£e √© que teve. #SpecialOne üòÇüòÇüòÇ	2493447884
646805260619661312	RT @BernardoPiment4: Rep√≥rter: Jos√© Mourinho, n√£o acha que tem o rei barriga? Jos√© Mourinho: Eu n√£o, a minha m√£e √© que teve. #SpecialOne üòÇüòÇüòÇ	2803126432
646824491809697792	RT @BernardoPiment4: Rep√≥rter: Jos√© Mourinho, n√£o acha que tem o rei barriga? Jos√© Mourinho: Eu n√£o, a minha m√£e √© que teve. #SpecialOne üòÇüòÇüòÇ	3303556239
646823329442201600	RT @BernardoPiment4: Rep√≥rter: Jos√© Mourinho, n√£o acha que tem o rei barriga? Jos√© Mourinho: Eu n√£o, a minha m√£e √© que teve. #SpecialOne üòÇüòÇüòÇ	856240837
646826737876234240	RT @BernardoPiment4: Rep√≥rter: Jos√© Mourinho, n√£o acha que tem o rei barriga? Jos√© Mourinho: Eu n√£o, a minha m√£e √© que teve. #SpecialOne üòÇüòÇüòÇ	2802281057
646812725532848128	RT @BernardoPiment4: Rep√≥rter: Jos√© Mourinho, n√£o acha que tem o rei barriga? Jos√© Mourinho: Eu n√£o, a minha m√£e √© que teve. #SpecialOne üòÇüòÇüòÇ	2391237306
646810019997069312	RT @BernardoPiment4: Rep√≥rter: Jos√© Mourinho, n√£o acha que tem o rei barriga? Jos√© Mourinho: Eu n√£o, a minha m√£e √© que teve. #SpecialOne üòÇüòÇüòÇ	3349803819
646799807336591360	RT @BernardoPiment4: Rep√≥rter: Jos√© Mourinho, n√£o acha que tem o rei barriga? Jos√© Mourinho: Eu n√£o, a minha m√£e √© que teve. #SpecialOne üòÇüòÇüòÇ	1864353020
646801712829833216	RT @BernardoPiment4: Rep√≥rter: Jos√© Mourinho, n√£o acha que tem o rei barriga? Jos√© Mourinho: Eu n√£o, a minha m√£e √© que teve. #SpecialOne üòÇüòÇüòÇ	3396468327
655517073603448832	VIDEO: Entrevista a Jos√© Mourinho - SIC 2015/10/17 O Chelsea regressou este s√°bado √†s vit√≥rias e Jos√© Mourinho... http://t.co/mwFbzqpToU	21294212
661286928105385985	BREAKING: Jose Mourinho Given One-Match Stadium Ban and ¬£40 000 Fine: Under-fire Chelsea manager Jose Mourinho... https://t.co/X8avnK7aUL	95201847
662943642558959616	Jos√© Mourinho voltou a ter declara√ß√µes "curiosas". De recordar que, no passado fim-de-semana, Jos√© Mourinho foi... https://t.co/qXpM3iQaQ7	86233091
641564208623190016	MATILDE MOURINHO SURPREENDE COM DECOTE   Matilde Mourinho, a jovem de 18 anos filha de Jos√© Mourinho,  acompanhou... http://t.co/iNYTK5SLoo	21486073
424353007707635712	Jos√© Mourinho otimista para o jogo com o Manchester United - Ipressjournal http://t.co/ZqA237DKct	617561781
424217202381029376	RT @Luis_Sobral: T√£o simples, t√£o forte. Muito bem Jos√© Mourinho. http://t.co/RE7DPazWAT	613412461
424211470872637440	T√£o simples, t√£o forte. Muito bem Jos√© Mourinho. http://t.co/RE7DPazWAT	218653131
423991978590617601	|Jos√© Mourinho || Ricardo Campus - Caricaturas Cartoons e Ilustra√ß√£o http://t.co/2eCk6Gv3QW|	37331559
424317283910311936	Jos√© Mourinho expects Manchester United to sell Wayne Rooney abroad http://t.co/4ehPwYcyzM via @guardian	42053594
424211719225741312	O primeiro convidado do programa √© Baltemar Brito, ex-auxiliar-t√©cnico de Jos√© Mourinho.	518762336
424221465110904832	RT @Luis_Sobral: T√£o simples, t√£o forte. Muito bem Jos√© Mourinho. http://t.co/RE7DPazWAT	519704989
424216248428552192	RT @Luis_Sobral: T√£o simples, t√£o forte. Muito bem Jos√© Mourinho. http://t.co/RE7DPazWAT	8818672
424216249401606144	RT @Luis_Sobral: T√£o simples, t√£o forte. Muito bem Jos√© Mourinho. http://t.co/RE7DPazWAT	17214382
423221530638548992	I liked a @YouTube video http://t.co/8mEM9lkkzm Cristiano Ronaldo ‚óè Golden Ball ‚óè Jos√© Mourinho Commentaries ‚óè	25614594
424527945286172673	[Record] Jos√© Mourinho: ¬´Dava jeito ter um par de comentadores do Chelsea¬ª http://t.co/IBfc6VTJ5W #desporto	485975606
424560930916024321	RT @zedaguia: Como diria um amigo meu o homem √© de outro planeta (Jos√© Mourinho)	21259023
425767002100498432	RT @BolaNoPinheiro: As 100 vit√≥rias de Jos√© Mourinho na Premier League. http://t.co/xMXXGCFMfr	425965811
423240111820533760	Saiba qual √© o campeonato mais dif√≠cil para Jos√© Mourinho...... http://t.co/RqF6GHEmxU	73249951
425615240626057216	Jos√© Mourinho: ¬´Dava jeito ter um par de comentadores do Chelsea¬ª http://t.co/BBCyPHdIXN	27935844
425633375253454848	RT @FOXSoccer: Lawrence: Jose Mourinho has Chelsea humming  http://t.co/yEAkpNiwgx	23694165
420545280677670913	@AtlanticLord O Cristano Ronaldo e Jos√© Mourinho reservam j√° uma cada um!	15980898
418459875451338752	Inglaterra - Jos√© Mourinho concorda com o amarelo mostrado a Oscar por simula√ß√£o http://t.co/OcS7TxTWng	19663485
418483520563347456	o sotaque do niall a imitar o Jos√© Mourinho √© top	552983491
418483616189263872	RT @h0ranfreehugs: o sotaque do niall a imitar o Jos√© Mourinho √© top	476777130
418482013650182144	HAHAHAH O NIALL DOS 1D A IMITAR O JOS√â MOURINHO HAHAHAH SOCORRO, FOI T√ÉO IGUAL OMG	175361963
422496208876085248	BBC Sport - Why Jose Mourinho is 'the Radical One' http://t.co/cY63QKoUMM	65356757
418262158120869888	No blog FCP para sempre Entrevista a Jos√© Mourinho n' O Jogo http://t.co/6vRcnosSyJ	16490124
418401039734558720	RT @premierleague: PHOTO Chelsea boss Jose Mourinho enjoys the conditions at Southampton! #SOUCHE http://t.co/sswazoFXNz	263254513
418484556069888000	RT @h0ranfreehugs: o sotaque do niall a imitar o Jos√© Mourinho √© top	92961520
418483976886845440	RT @h0ranfreehugs: o sotaque do niall a imitar o Jos√© Mourinho √© top	271416606
418483978774257664	RT @h0ranfreehugs: o sotaque do niall a imitar o Jos√© Mourinho √© top	761938771
422480109464215552	[Atencao] O Jose Mourinho da Internet Vai Falar Contigo http://t.co/2G3XpYtwtt	24797606
421621921315586049	Kai :( "@EPLTransferSaga: Jos√© Mourinho is confident of signing Manchester United striker Wayne Rooney. [Daily Telegraph]"	229719189
422792943066284032	Mas o melhor treinador do mundo √©, e sempre ser√°, Jos√© Mourinho.	59926636
421677294042628096	Jos√© Mourinho e Jorge Jesus eleitos s√©timo e oitavo melhores treinadorespela IFFHS http://t.co/RvJe3ltyxG	69314411
421521381805670400	@Cristiano √â verdade que voc√™ vai se juntar novamente com Jos√© Mourinho?	1630872457
418695701061967872	@caroliin_romano Pronto, gostei de uma coisa nos teus amigos #OneDirection A imita√ß√£o do Jos√© Mourinho!	104633081
418686635312947200	Doente RT @TransferSources: Jose Mourinho has told Juan Mata he can quit Chelsea. [Daily Mail]"	63452015
418687340668665856	[Futebol365] Jos√© Mourinho: ¬´A minha obriga√ß√£o √© pensar na equipa¬ª http://t.co/y6Lt9uVUJ2 #desporto	485975606
424965410380079105	RT @Stankayy: Jose Mourinho, truly special! So much enjoyed this win. Nice one Chelsea.	42081157
424967077032914944	RT @UberFotbalFacts: Jose Mourinho is the fastest to reach 100 wins as a BPL manager.	29510178
424969430129737728	RT @UberFotbalFacts: Jose Mourinho is the fastest to reach 100 wins as a BPL manager.	38843050
424956413623160832	RT @Footballltrolls: Jose Mourinho - The Special One  David Moyes - The Clueless One	51566870
424963466122641408	A great win for Jos√© Mourinho, Chelsea 3-0 Manchester United.	84921907
418661206547632129	[Sapo Desporto] Jos√© Mourinho: ¬´Se for selecionador n√£o naturalizo nenhum jogador¬ª http://t.co/kezREY7OYF #desporto	485975606
422757695431929856	Inglaterra - Jos√© Mourinho: ¬´Perten√ßo ao Chelsea e o Chelsea pertence-me¬ª http://t.co/JRfV444H3Y	19663485
422758818876227584	RT @Record_Portugal: Inglaterra - Jos√© Mourinho: ¬´Perten√ßo ao Chelsea e o Chelsea pertence-me¬ª http://t.co/JRfV444H3Y	555351763
422757734401212416	RT @Record_Portugal: Inglaterra - Jos√© Mourinho: ¬´Perten√ßo ao Chelsea e o Chelsea pertence-me¬ª http://t.co/JRfV444H3Y	1890975410
422758081492451328	RT @Record_Portugal: Inglaterra - Jos√© Mourinho: ¬´Perten√ßo ao Chelsea e o Chelsea pertence-me¬ª http://t.co/JRfV444H3Y	1604680118
424970261616922624	RT @TSBible: Jose Mourinho the fastest Premier League manager to 100 wins http://t.co/zFsmiWNAFs	21294212
424971419618119680	RT @TSBible: Jose Mourinho the fastest Premier League manager to 100 wins http://t.co/zFsmiWNAFs	23697360
424966360004046848	RT @UberFotbalFacts: Jose Mourinho is the fastest to reach 100 wins as a BPL manager.	610946624
424954382640508928	RT @FootballFunnys: Jose Mourinho - The Special One  David Moyes - The Clueless One	610946624
418661203846512640	[Sapo Desporto] Jos√© Mourinho: ¬´Precisamos de jogadores importantes na pr√≥xima √©poca¬ª http://t.co/V8OJCFDnzM #desporto	485975606
422541862155481088	Jos√© Mourinho impressionado com o recorde de Petr Cech: https://t.co/SsOqfPmO1M	65363635
420181146027450368	"Eus√©bio e Am√°lia s√£o grandes senhores de Portugal, continuo a v√™-los nessa perspectiva"- Jos√© Mourinho	29695177
419461387195543553	RT @ekele_86: Arsene Wenger -Brilliant Mind. Jose Mourinho - Excellent Mind. David Moyes - Never mind"	297028847
419460346886512640	RT @ekele_86: Arsene Wenger -Brilliant Mind. Jose Mourinho - Excellent Mind. David Moyes - Never mind"	353590882
419457590268289024	Arsene Wenger -Brilliant Mind. Jose Mourinho - Excellent Mind. David Moyes - Never mind"	154191009
420968520735019008	@AFN1982 eheheheh √â dif√≠cil (Pedro Abrunhosa) escolher os melhores (Jos√© Mourinho). S√£o todos maravilhosos (Marilyn Monroe).	1773321
419469858510602243	RT @ekele_86: Arsene Wenger -Brilliant Mind. Jose Mourinho - Excellent Mind. David Moyes - Never mind"	2191317662
425215564769148928	RT @SkySportsNews: Sky Sources: Jose Mourinho to have surgery this morning on a fractured elbow #SSN	63961281
423761278465634304	Adepto do Arsenal prega partida a Jos√© Mourinho http://t.co/hBbSQbk1hj via @sharethis	188242820
425065087129645056	Jos√© Mourinho operado esta segunda-feira - Cirurgia ligeira http://t.co/MhTYABxp35	151708782
423858936307937280	Caricatura de Jose Mourinho, Revista Pessoal com Filipe Vaz http://t.co/qEABB5mivc	37331559
425283186529406977	Jos√© Mourinho est√° hospitalizado - √öltima Hora - Correio da Manh√£ http://t.co/SrpzdzLaav	20717438
425352652206399488	"Se me despedirem, vou ficar em Inglaterra e vou para um rival". - Jos√© Mourinho	33050022
424742951525552128	GUARDIAN: Jos√© Mourinho on a mission to develop home-grown #Chelsea talent. http://t.co/iarLYl5APu	19301487
421949369538334720	Inglaterra - Jos√© Mourinho: ¬´O Chelsea n√£o est√° interessado em Guar√≠n¬ª http://t.co/JUCiz38R9i	19663485
422412127832252416	@SaraVieiraa e estava a esquecer-me dum grande senhor: Jos√© Mourinho ahah	1928067469
419885022875623425	Jos√© Mourinho: ‚ÄúEus√©bio √© daqueles que s√£o imortais‚Äù Devido ao falecimento de E... http://t.co/gnfyksrAsz	21390437
418402764163518465	Jos√© Mourinho e a mulher : D√£o condol√™ncias a Artur Jorge http://t.co/LKhn3igaac	30089572
419807543826079744	RT @Record_Portugal: Benfica - Jos√© Mourinho: ¬´Aquilo que Eus√©bio deixa torna-o imortal¬ª http://t.co/uZuzlu4NMy	632793173
419789545899843584	RT @Record_Portugal: Benfica - Jos√© Mourinho: ¬´Aquilo que Eus√©bio deixa torna-o imortal¬ª http://t.co/uZuzlu4NMy	289427901
419792641564631041	RT @Record_Portugal: Benfica - Jos√© Mourinho: ¬´Aquilo que Eus√©bio deixa torna-o imortal¬ª http://t.co/uZuzlu4NMy	1278414181
419756332875780096	"Eus√©bio √© muito mais do que uma figura do futebol. Eus√©bio √© Portugal. " Jos√© Mourinho	24726396
419786141278408705	RT @Record_Portugal: Benfica - Jos√© Mourinho: ¬´Aquilo que Eus√©bio deixa torna-o imortal¬ª http://t.co/uZuzlu4NMy	624846950
419765110463528960	RT @Record_Portugal: Benfica - Jos√© Mourinho: ¬´Aquilo que Eus√©bio deixa torna-o imortal¬ª http://t.co/uZuzlu4NMy	118773636
419766887686615040	RT @Record_Portugal: Benfica - Jos√© Mourinho: ¬´Aquilo que Eus√©bio deixa torna-o imortal¬ª http://t.co/uZuzlu4NMy	1403460110
419771733999362048	RT @Record_Portugal: Benfica - Jos√© Mourinho: ¬´Aquilo que Eus√©bio deixa torna-o imortal¬ª http://t.co/uZuzlu4NMy	1291638259
419773080043814912	RT @Record_Portugal: Benfica - Jos√© Mourinho: ¬´Aquilo que Eus√©bio deixa torna-o imortal¬ª http://t.co/uZuzlu4NMy	2246369775
419776158969118721	RT @Record_Portugal: Benfica - Jos√© Mourinho: ¬´Aquilo que Eus√©bio deixa torna-o imortal¬ª http://t.co/uZuzlu4NMy	269437296
419778359720435712	"Aquilo que Eus√©bio deixa torna-o imortal" - Jose Mourinho http://t.co/r66Uwl6BuH	14259923
419779388440576001	RT @Record_Portugal: Benfica - Jos√© Mourinho: ¬´Aquilo que Eus√©bio deixa torna-o imortal¬ª http://t.co/uZuzlu4NMy	1092662724
419765561330262016	RT @Record_Portugal: Benfica - Jos√© Mourinho: ¬´Aquilo que Eus√©bio deixa torna-o imortal¬ª http://t.co/uZuzlu4NMy	14347133
419764975700553728	Benfica - Jos√© Mourinho: ¬´Aquilo que Eus√©bio deixa torna-o imortal¬ª http://t.co/uZuzlu4NMy	19663485
419765891895943168	RT @Record_Portugal: Benfica - Jos√© Mourinho: ¬´Aquilo que Eus√©bio deixa torna-o imortal¬ª http://t.co/uZuzlu4NMy	441215310
419765066075217920	RT @Record_Portugal: Benfica - Jos√© Mourinho: ¬´Aquilo que Eus√©bio deixa torna-o imortal¬ª http://t.co/uZuzlu4NMy	24726396
419767614408523776	RT @Record_Portugal: Benfica - Jos√© Mourinho: ¬´Aquilo que Eus√©bio deixa torna-o imortal¬ª http://t.co/uZuzlu4NMy	60915550
419765838565347328	RT @Record_Portugal: Benfica - Jos√© Mourinho: ¬´Aquilo que Eus√©bio deixa torna-o imortal¬ª http://t.co/uZuzlu4NMy	832921950
419768658119114752	RT @Record_Portugal: Benfica - Jos√© Mourinho: ¬´Aquilo que Eus√©bio deixa torna-o imortal¬ª http://t.co/uZuzlu4NMy	86371127
419767462264332288	RT @Record_Portugal: Benfica - Jos√© Mourinho: ¬´Aquilo que Eus√©bio deixa torna-o imortal¬ª http://t.co/uZuzlu4NMy	780861542
419769256931115008	[Record] Jos√© Mourinho: ¬´Aquilo que Eus√©bio deixa torna-o imortal¬ª http://t.co/NKHirzEmNt #desporto	485975606
419765985877696512	RT @Record_Portugal: Benfica - Jos√© Mourinho: ¬´Aquilo que Eus√©bio deixa torna-o imortal¬ª http://t.co/uZuzlu4NMy	497778620
419765226838708225	RT @Record_Portugal: Benfica - Jos√© Mourinho: ¬´Aquilo que Eus√©bio deixa torna-o imortal¬ª http://t.co/uZuzlu4NMy	465849121
419766335183544321	RT @Record_Portugal: Benfica - Jos√© Mourinho: ¬´Aquilo que Eus√©bio deixa torna-o imortal¬ª http://t.co/uZuzlu4NMy	170800768
419814031449681920	RT @Publico: Jos√© Mourinho salienta a ‚Äúimortalidade‚Äù de Eus√©bio http://t.co/HxyJSDHZvH	29178221
419814197296644096	RT @Publico: Jos√© Mourinho salienta a ‚Äúimortalidade‚Äù de Eus√©bio http://t.co/HxyJSDHZvH	619543878
419824022634131457	RT @Publico: Jos√© Mourinho salienta a ‚Äúimortalidade‚Äù de Eus√©bio http://t.co/HxyJSDHZvH	9359232
419825961082040320	RT @Record_Portugal: Benfica - Jos√© Mourinho: ¬´Aquilo que Eus√©bio deixa torna-o imortal¬ª http://t.co/uZuzlu4NMy	935415680
419821082036940800	RT @vitorcris27: Jos√© Mourinho -"Aquilo que Eus√©bio deixa torna-o imortal" #RIPEus√©bio	634730100
421657281177341952	RT @FabRomano21: Jos√© Mourinho said he is not interested in Fredy Guarin #CFC	222502644
430658973763911680	RT @Record_Portugal: Inglaterra - Jos√© Mourinho: ¬´O massagista Billy √© que deu a palestra¬ª http://t.co/WF9e39d0md	864706944
430630835688321024	RT @Record_Portugal: Inglaterra - Jos√© Mourinho: ¬´O massagista Billy √© que deu a palestra¬ª http://t.co/WF9e39d0md	1257646542
430629564851978240	Inglaterra - Jos√© Mourinho: ¬´O massagista Billy √© que deu a palestra¬ª http://t.co/WF9e39d0md	19663485
430636461306970112	RT @Record_Portugal: Inglaterra - Jos√© Mourinho: ¬´O massagista Billy √© que deu a palestra¬ª http://t.co/WF9e39d0md	441684035
430630222179098624	RT @Record_Portugal: Inglaterra - Jos√© Mourinho: ¬´O massagista Billy √© que deu a palestra¬ª http://t.co/WF9e39d0md	1359401978
430630446364631040	RT @Record_Portugal: Inglaterra - Jos√© Mourinho: ¬´O massagista Billy √© que deu a palestra¬ª http://t.co/WF9e39d0md	1586087940
430673939191197696	|65% - 35% - "Jos√© Mourinho and Chelsea's remarkable tactical transformation" || Jonathan Wilson http://t.co/S3NwxISAjP via @guardian|	21259023
430811266928496640	|Jos√© Mourinho and Chelsea's remarkable tactical transformation || Jonathan Wilson http://t.co/a5Ak5NAgTX via @guardian|	279644899
430748248731435008	Jos√© Mourinho and Chelsea's remarkable tactical transformation. http://t.co/ad6X7TLlz2 via @guardian	19865728
429974398335217664	RT @Real_KateStyles: HERE THEY ARE. NIALL AND JOS√â MOURINHO TOGETHER OMFG #Portuguese http://t.co/iIvrlHa3wf	411510809
431426520570019840	[Jornal de Negocios] Horta Os√≥rio igual a Jos√© Mourinho? http://t.co/lQk1vJDA0P	485975606
430425552575807488	RT @OldSchoolPanini: Jos√© MOURINHO (Bobby Robson's assistant manager - FC Barcelona 1997) http://t.co/W1lAjVH65u	436889600
430429809739436032	RT @ChrisChinaks: "@RealEgyptianGin: Jose Mourinho is the highest paid bus driver in the world. Fact. #MCFCvCFC"	288093268
430395513553559553	I liked a @YouTube video from @zinedinefcb http://t.co/hkdTqhwG2d Jose Mourinho - 25 Funny Moments	284480191
430473341703421952	@Maxrunner Heh, possibly. I'm just no longer a fan of Jose Mourinho, that's all.	22912342
430045214045372416	@pedropintotv watched your interview with Jose Mourinho... Massively deep..you've good interviewing skills..	750218424
430465682401394689	RT @CFCGyan: Outplayed , Outwitted , Outclassed , Outfoxed , Outstanding.  Simply , JOSE MOURINHO. #‚ÄéTheSpecialOne. http://t.co/B962FSDHc0	96752940
427221985404669952	RT @JuanCarlos_RdS: Parab√©ns Jos√© Mourinho! Melhor treinador do mundo e com orgulho portugu√™s. http://t.co/zUxgdj3o8A	16349463
428926298967511040	RT @TimHarford: Jose Mourinho wrong on 19th-Century football - apparently it was awesomesauce http://t.co/kB8te8iSPa	14966893
427217636376985600	RT @Paulacaparros: FELIZ 51 CUMPLEA√ëOS, JOSE MOURINHO, GRACIAS POR TANTO http://t.co/BfgTJ5gT0L	127690935
427445767331409920	PARAB√âNS ao 'special one'  Jose Mourinho que faz hoje precisamente 50 anos! #happyone #specialone	50498638
427494264571183104	Informo a TL que Jos√© Mourinho faz anos ...v√°, deem os parab√©ns ao happy one	24787524
427463406233591808	Happy B-Day My Idol JOSE MOURINHO "The Special One" üéâüéâüéâüéâüéâüéâ http://t.co/Glq2InG3Jt	73097959
427252376786198529	RT @MGiakoumakis: Parabens Jos√© Mourinho :) today close the 51 years :) http://t.co/7hTlvb9ajq	74699804
427387910992965633	Parab√©ns Z√© ‚Äú@chelseafc: Happy birthday Jose Mourinho! #CFC http://t.co/VB5TrH4x1Q‚Äù	52185601
427412347959787520	[Noticias ao Minuto] Jos√© Mourinho faz hoje 51 anos http://t.co/utwoDU6bFt	485975606
432195638604734464	Jos√© Mourinho √© o novo l√≠der da Premier League. Surpresa? http://t.co/oyIa3MSeIn	218653131
432598040126705664	Jose Mourinho = Special One.. Moyes = Chosen One.. Pellegrini = Tactical One.. Arsene Wenger = Five One.. #yeaEpic	145134371
432218102064242688	O Chelsea de Jos√© Mourinho conquistou, este s√°bado, a lideran√ßa da Premier League. http://t.co/Zm4Lag6Qy3	36373505
431733021050667008	@grimmers @R1Breakfast do you like Cristiano Ronaldo? And Jos√© Mourinho? #ASKGRIMMY	179540615
431186092604526592	RT @8Fact_Footballl: Before Jose Mourinho became a coach he was a PE teacher in Portugal	215954271
429692080190156801	"No Ver√£o v√£o perceber porque n√£o contrat√°mos um avan√ßado agora". -Jos√© Mourinho	33050022
431064433884794880	Man City - Chelsea: o duplo-pivot de Jose Mourinho... http://t.co/pEW8RgWKe2	23945761
430865919259463680	RT @Tuga_News: [Record] Jos√© Mourinho risca Mangala http://t.co/D6byJOfsqU #desporto	49757961
425896747140141056	Jos√© Mourinho got a surgery on his elbow. I hope everything is okay ‚ò∫Ô∏è	28429768
427095470926614528	Jos√© Mourinho diz que Chelsea encerrou contrata√ß√µes na reabertura do mercado http://t.co/iaXfQ4WYOs	41400946
426331151834152960	Jos√© Mourinho pensa em Antoine Griezmann (Real Sociedad) √© op√ß√£o para o ataque do @chelseafc @AntoGriezmann	62652229
427116826024083456	[RTP Noticias] Jos√© Mourinho diz que Chelsea encerrou contrata√ß√µes na reabertura do mercado http://t.co/whoqIeavOn	485975606
432959256992550912	[RTP Noticias] Yaya Tour√© "ilibado" apesar da exig√™ncia de Jos√© Mourinho http://t.co/HB1t02uaoH	485975606
433051480313315328	Para os f√£s de Jose Mourinho . #JoseMourinho #SpecialOne http://t.co/TjjB4mHi3D	20048029
432156903385604096	RT @BrooksDT: Jose Mourinho just downgraded Arsenal from horse to rock with googly eyes.	247986640
434076805947858945	RT @JoaoGrilo123: WAAT? CHECK WHAT FIFA DID ABOUT JOSE MOURINHO!  http://t.co/avUsPE9h9j	1729787306
434080806311829504	Inglaterra - Jos√© Mourinho: ¬´Liverpool √© um s√©rio candidato ao t√≠tulo¬ª http://t.co/pJMLApiTbU	19663485
434079041625133056	RT @JoaoGrilo123: WAAT? CHECK WHAT FIFA DID ABOUT JOSE MOURINHO!  http://t.co/avUsPE9h9j	1406649434
434081385704587264	RT @Record_Portugal: Inglaterra - Jos√© Mourinho: ¬´Liverpool √© um s√©rio candidato ao t√≠tulo¬ª http://t.co/pJMLApiTbU	487056592
434076631842316289	RT @JoaoGrilo123: WAAT? CHECK WHAT FIFA DID ABOUT JOSE MOURINHO!  http://t.co/avUsPE9h9j	286359132
434078789371310080	RT @JoaoGrilo123: WAAT? CHECK WHAT FIFA DID ABOUT JOSE MOURINHO!  http://t.co/avUsPE9h9j	471380198
434078068106207232	RT @JoaoGrilo123: WAAT? CHECK WHAT FIFA DID ABOUT JOSE MOURINHO!  http://t.co/avUsPE9h9j	612763140
434418361716310016	RT @JoaoGrilo123: WAAT? CHECK WHAT FIFA DID ABOUT JOSE MOURINHO!  http://t.co/avUsPE9h9j	362219286
434745524613550081	Stop hating RT @piersmorgan: Jose Mourinho - a specialist in FA Cup failure.	193276461
434759464579653632	[AutoPortal] A nova bomba de Jos√© Mourinho: Jaguar F-Type R Coup√© http://t.co/A0IxQhICCR	485975606
434760356666564608	RT @piersmorgan: Specialist in failure &gt; Jose Mourinho http://t.co/3QajSmli1y	125003027
434242042667859968	RT @JoaoGrilo123: WAAT? CHECK WHAT FIFA DID ABOUT JOSE MOURINHO!  http://t.co/avUsPE9h9j	186721499
434253119414083584	RT @JoaoGrilo123: WAAT? CHECK WHAT FIFA DID ABOUT JOSE MOURINHO!  http://t.co/avUsPE9h9j	2225583548
434269030749196289	RT @JoaoGrilo123: WAAT? CHECK WHAT FIFA DID ABOUT JOSE MOURINHO!  http://t.co/avUsPE9h9j	1710252342
434260382039826432	RT @JoaoGrilo123: WAAT? CHECK WHAT FIFA DID ABOUT JOSE MOURINHO!  http://t.co/avUsPE9h9j	411328666
434344030743179265	Jos√© Mourinho accuses Ars√®ne Wenger of being a 'specialist in failure' http://t.co/KayznI0QSE via @guardian	23235768
434343098001674240	Dear Mr. @piersmorgan, Jose Mourinho has given Arsenal a nice valentine's gift today. Check it out.	140510284
434348941946400768	Funny Truth @AminuMusa2: Arsene Wenger is a specialist in failure-Jose Mourinho...lol	288093268
434382521640706048	RT @piersmorgan: I would LOVE Jose Mourinho to manage Arsenal. Sadly, it will never happen. #winner	339297495
434354609847812096	Inglaterra - Jos√© Mourinho: ¬´Wenger √© um especialista em fracassos¬ª http://t.co/wZ34zo9UNp	19663485
437624888581316609	Jos√© Mourinho mais uma vez d√° show... ahaha :) http://t.co/D6YZEseAVM	257005573
433247364166742016	RT @ChelseaFC_es: Jos√© Mourinho esta creando un monstruo‚Ä¶ ¬°¬°SUPER HAZARD!!  #CFC http://t.co/SgwqaszqCf	436889600
438010795830804480	Jos√© Mourinho: ¬´Falcao n√£o pode jogar para 3 mil pessoas¬ª :: zerozero.pt http://t.co/JhSwqyKrLO	31594288
438017686992207872	[zerozero] Jos√© Mourinho: ¬´Falcao n√£o pode jogar para 3 mil pessoas¬ª http://t.co/OgNxkuAlHi #desporto	485975606
438316599968141314	Jos√© Mourinho denies relationship with Samuel Eto'o has been damaged http://t.co/UoZECqk3H3	42596485
438094982034243585	Para a semana o #pec convida Jos√© Mourinho para falar de lagares de azeite	125773982
437226090147221504	Why Jose Mourinho wants Raphael Varane for Chelsea http://t.co/YQ6RnzKBQG #Football	406288363
437237833909403648	RT @chelseafc: Jose Mourinho reached an impressive landmark this afternoon... #CFC http://t.co/VGHHCHjr6h	421327594
437257125711314944	RT @FootyHumour: Jose Mourinho just casually chilling on the pitch.. http://t.co/PzqwC6s0p1	339297495
437262857701711872	RT @FootballFunnys: Jose Mourinho does what he wants http://t.co/BQJa2xJlNq	26466544
429262655157583873	Oficial: defesa franc√™s √© refor√ßo para Jos√© Mourinho http://t.co/obeUEouC6B	229821499
428543058112573440	Jose Mourinho: My transfer window business is done: http://t.co/UGbe8FePGl via @youtube	64214932
428667882239954944	RT @TSBible: Sam Allardyce's comments about Jose Mourinho. Brilliant! http://t.co/nFrfenlfFE	218653131
428667522398044160	RT @TSBible: Sam Allardyce's comments about Jose Mourinho. Brilliant! http://t.co/nFrfenlfFE	23946350
429323256068591616	Yea"@Muyinho: Sergio Canales Madrazo to Real Sociedad.... smh. Another promising career ruined by Jose Mourinho."	81814146
428296901612830721	RT @Record_Portugal: Real Madrid - Carlo Ancelotti iguala Jos√© Mourinho http://t.co/hgTRsrsYXM	487056592
429259729936740353	[Photo] AC Milan Players, Kaka &amp; Essien Discussing Jose Mourinho http://t.co/f0C1itBVoW Via @okGist	126085432
428696794889863168	|Claro || Chelsea's Jose Mourinho says West Ham played '19th-century' football http://t.co/0yT5ouEKJK via @guardian|	63452015
428649499985465345	Mood: √† espera de ouvir os c√¢nticos "JOS√â MOURINHO IS BORING!"	339134708
427865626032361472	Inglaterra: troca de palavras entre Jos√© Mourinho e Ars√©ne Wenger http://t.co/euoQIGmlmJ	86233091
428300310260375552	RT @Record_Portugal: Real Madrid - Carlo Ancelotti iguala Jos√© Mourinho http://t.co/hgTRsrsYXM	124159838
430459494318223361	JOS√â MOURINHO!!!! Chelsea beats all the way Man city at Manchester!	19301487
430261319519178752	Does"classic" Jose Mourinho mean antiquated, antique, old fashioned, out of date?	148813738
430444669655605248	RT @BBCSporf: BREAKING: Jose Mourinho makes a tactical second half substitution. http://t.co/JoRqg7JwNw	19736171
430480255036702720	RT @hundredroundz: I know two geniuses, Eden Hazard, and Jose Mourinho.	190407073
430455507065663488	Como fazer o City ser dominado em casa: ser Jos√© Mourinho.	457007707
439017760132063232	[A Bola] The Simpsons refor√ßam plantel de Jos√© Mourinho http://t.co/YIczIDo81g #desporto	485975606
438603444149321728	Jos√© Mourinho: ¬´S√≥ usei 5 jogadores da equipa de Mancini¬ª :: zerozero.pt http://t.co/dBdnaETKdn	31594288
438844506218053634	Jos√© Mourinho rues Chelsea lack of killer instinct against Galatasaray http://t.co/bP904uxHAP	42596485
438847609986248704	[Futebol365] Jos√© Mourinho classifica de ¬´resultado l√≥gico¬ª empate com Galatasaray http://t.co/7r1BFbu3sW #desporto	485975606
